{"ZcrCuZsIHkSlPjCi+dvdyg==":"solidworks-logo-600x300.png","xcp0vYloPt1XanzwdTVwXg==":"sj7dvvnn-240x240.jpg","8etrZJkzkkJ2hlSgqcGbdg==":"gzfl9pss-400x400.jpg","IxmPlMxIRPT1y460isWq5w==":"alma-mater-society-314x400.png","lxL/l6JyxJetHBZtqV/Hhw==":"bear-logo-latest-2-56x42.png","2TW2bVPJqXgJ4bcRLnkGIA==":"portrait-189x317.jpg","mCUHhI1nVOd7rnVsMN60LQ==":"misumi-240x55.png","L3dyLibuwYVXCGO1ilNI1g==":"kernel-logo-600-600x172.png","WbvW1LgbrZG88X51OmS/BA==":"1-1-675x231.jpg","IQzKwrKSq3L+tiAAfcDoVA==":"bionics3-360x135.png","xD1SuWKWLzyTzaKud8IEDQ==":"mobirise_4_official_logo-1024x1024.png","sSBa+/X3q1f04Zt0xNV0+w==":"mobirise_4_official_logo-1-1024x1024.png","malbbACjLn8Nkmrwfbknjw==":"prosthetic-ballet-leg-design_dezeen_2364_hero-1-2000x1125.jpg","nwczris73VkcJaYBwXduHw==":"cybathlon-exoskeleton-teams-featured-image-1175x500.jpg","92E8XPCfygvAKaN9vzanDw==":"bionic%20hand-1024x697.png","9wqVmhmuiI0SkU4xP0L1YQ==":"05-664x443.jpg","07BkCEtqn2YrFMUFmUdOyg==":"circuity-minimalistic-wallpaper-1920x1080-by-xs1l3ntx-d7zn50e.png-444x250.jpg","/rg2PCviaZBrxNX/i3Nq8Q==":"p16-s-2-642x482.jpg","Ka99O5pytolQhPWo7eNyZA==":"09375-1-600x600.jpg","YrksBR/z8cEHm5gJrwSs6w==":"orglogo.imageformat.logo.2026233595-336x180.png","/kEDry4wgCmOO/Fs/c72Xw==":"tilly-handinhand-1000x500.jpg","7NNEOef8sdemv8t7Rk4SCg==":"bionicpowert-8692-668x371.jpg","mSWwWv8EDOKRoYrOL4f1GA==":"esko-bionics-640x350.jpg","uxV63OvQqHuEY1Tsji0IEg==":"dutn4bnwaaat4ot-1200x873.jpg","ddZ/UKC1/jX00a2kvs67wQ==":"sdmvwl1cy0h21-640x711.png","pa5Dkwo/T1qgW/t0h+fQvA==":"background5-1.jpg","0qYkePOAkwqIBdjv15iD4w==":"maxresdefault-492x277.jpg","ZbkolSuwse9RXkB6nkZ0Bg==":"06-492x328.jpg","5FTpCsuUVIImNXpvINQxcg==":"09375-1-492x492.jpg","kO20JFnSjn8pBhFMgsPR2A==":"unknown-1-180x129.jpg","7OXxhJjKy/Ar90uGhBCXGg==":"09375-2-492x492.jpg","+XWvg27BO2oWnoGvMXdmEg==":"06-1-492x328.jpg","vtHn6j8XP4B7sDM1qwRZgA==":"maxresdefault-1-492x277.jpg","Z30U+MnWpF+Ebh1qqgK1dQ==":"maxresdefault-2-492x277.jpg","UAc7kepzJPkrSn4uqTRvmw==":"background4.jpg","UmXgt02CAgjEKfeut2QHHA==":"1-852x480.jpg","fD5x4uX77PM0W/CeYy2eIQ==":"background4-1.jpg","6K3joSBE1doul3Q5r2wmyQ==":"bear-ubc-design-team-photo-1585x561.png"}